{"cameraMode":{"drawMode":0,"name":"Shaded","section":"Shading Mode"},"sceneLighting":false,"audioPlay":false,"sceneViewState":{"showFog":false,"showMaterialUpdate":false,"showSkybox":false,"showFlares":false,"showImageEffects":false,"showParticleSystems":false},"in2DMode":false,"pivot":{"x":-0.725193977355957,"y":8.614997863769532,"z":-20.261436462402345},"rotation":{"x":-0.11993654072284699,"y":0.412864089012146,"z":-0.05494708567857742,"w":-0.9011874794960022},"size":17.42392921447754,"orthographic":false}