{"cameraMode":{"drawMode":0,"name":"Shaded","section":"Shading Mode"},"sceneLighting":false,"audioPlay":false,"sceneViewState":{"showFog":false,"showMaterialUpdate":false,"showSkybox":false,"showFlares":false,"showImageEffects":false,"showParticleSystems":false},"in2DMode":false,"pivot":{"x":0.5669565200805664,"y":7.764290809631348,"z":8.014881134033204},"rotation":{"x":-0.06861837953329086,"y":0.13485746085643769,"z":-0.009361845441162587,"w":-0.9884424209594727},"size":42.525020599365237,"orthographic":false}