{"cameraMode":{"drawMode":0,"name":"Shaded","section":"Shading Mode"},"sceneLighting":false,"audioPlay":false,"sceneViewState":{"showFog":false,"showMaterialUpdate":false,"showSkybox":false,"showFlares":false,"showImageEffects":false,"showParticleSystems":false},"in2DMode":false,"pivot":{"x":-4.499316692352295,"y":9.95112133026123,"z":4.389188766479492},"rotation":{"x":-0.04557512328028679,"y":0.2263631969690323,"z":-0.01060362160205841,"w":-0.9729187488555908},"size":42.525020599365237,"orthographic":false}